SAMPLE_ID,IDH_mutation_probability,predicted_IDH_status
TCGA-CS-4938-01,0.993225424166807,1
TCGA-CS-4941-01,0.0014693997008613589,0
TCGA-CS-4942-01,0.9960381199669954,1
TCGA-CS-4943-01,0.99999745773371,1
TCGA-CS-4944-01,0.9952191363892692,1
TCGA-CS-5390-01,0.9973892796877903,1
TCGA-CS-5393-01,0.9957071985329374,1
TCGA-CS-5394-01,0.999998888422364,1
TCGA-CS-5395-01,0.01980630430915588,0
TCGA-CS-5396-01,0.9940216811856836,1
TCGA-CS-5397-01,0.014800303933468326,0
TCGA-CS-6186-01,0.004388693952856369,0
TCGA-CS-6188-01,0.04069384801013462,0
TCGA-CS-6290-01,0.9890184113992093,1
TCGA-CS-6665-01,0.9498687941709764,1
TCGA-CS-6666-01,0.9999919948178769,1
TCGA-CS-6667-01,0.9999968551106914,1
TCGA-CS-6668-01,0.9999955564240957,1
TCGA-CS-6669-01,0.09187788577468113,0
TCGA-CS-6670-01,0.9907404535755342,1
TCGA-DB-5270-01,0.9189261802372448,1
TCGA-DB-5273-01,0.9959632754389184,1
TCGA-DB-5274-01,0.9961620037728434,1
TCGA-DB-5275-01,0.9999882120648271,1
TCGA-DB-5276-01,0.9658163232905478,1
TCGA-DB-5277-01,0.9862841477295681,1
TCGA-DB-5278-01,0.9916847407589241,1
TCGA-DB-5279-01,0.9887975112814019,1
TCGA-DB-5280-01,0.9999968356752346,1
TCGA-DB-5281-01,0.9851341183177458,1
TCGA-DB-A4X9-01,0.9911724555343266,1
TCGA-DB-A4XA-01,0.9927374582935135,1
TCGA-DB-A4XB-01,0.9905771779434215,1
TCGA-DB-A4XC-01,0.9905441983309676,1
TCGA-DB-A4XD-01,0.9999980994191343,1
TCGA-DB-A4XE-01,0.9955616350009683,1
TCGA-DB-A4XF-01,0.9969911611865547,1
TCGA-DB-A4XG-01,0.9999958614907922,1
TCGA-DB-A4XH-01,0.990593802030268,1
TCGA-DB-A64L-01,0.9726253584868921,1
TCGA-DB-A64O-01,0.008199973781680274,0
TCGA-DB-A64P-01,0.9999957497564829,1
TCGA-DB-A64Q-01,0.9999935507650153,1
TCGA-DB-A64R-01,0.9999930402036754,1
TCGA-DB-A64S-01,0.9967559198432616,1
TCGA-DB-A64U-01,0.9972642220728751,1
TCGA-DB-A64V-01,0.9865600430624445,1
TCGA-DB-A64W-01,0.9964760890897331,1
TCGA-DB-A64X-01,0.9963830699923821,1
TCGA-DB-A75K-01,0.9999856190256976,1
TCGA-DB-A75L-01,0.9931512296195042,1
TCGA-DB-A75M-01,0.9999980303483853,1
TCGA-DB-A75O-01,0.9963623769371656,1
TCGA-DB-A75P-01,0.017622032514035355,0
TCGA-DH-5140-01,0.1514895760233078,0
TCGA-DH-5141-01,0.9999854752777403,1
TCGA-DH-5142-01,0.9965000651042669,1
TCGA-DH-5143-01,0.9802809469633174,1
TCGA-DH-5144-01,0.9999979394247276,1
TCGA-DH-A669-01,0.9999952829704672,1
TCGA-DH-A66B-01,0.9999942468540645,1
TCGA-DH-A66D-01,0.9999927639159688,1
TCGA-DH-A66F-01,0.9999991285457213,1
TCGA-DH-A66G-01,0.9601303353304337,1
TCGA-DH-A7UR-01,0.9847175831296919,1
TCGA-DH-A7US-01,0.99998702660791,1
TCGA-DH-A7UT-01,0.9907931287160544,1
TCGA-DH-A7UU-01,0.9999814456899493,1
TCGA-DH-A7UV-01,0.9999915266056749,1
TCGA-DU-5847-01,0.0024271728713563183,0
TCGA-DU-5849-01,0.9721677053796228,1
TCGA-DU-5851-01,0.9091498945556755,1
TCGA-DU-5852-01,0.009558648583065389,0
TCGA-DU-5853-01,0.9950704055488775,1
TCGA-DU-5854-01,0.029031164584847162,0
TCGA-DU-5855-01,0.9999929896767412,1
TCGA-DU-5870-01,0.9999947597768817,1
TCGA-DU-5871-01,0.9971669050217401,1
TCGA-DU-5872-01,0.9969110017994555,1
TCGA-DU-5874-01,0.9999918964410284,1
TCGA-DU-6392-01,0.15135760164192072,0
TCGA-DU-6393-01,0.999997017183668,1
TCGA-DU-6394-01,0.9999994535550913,1
TCGA-DU-6395-01,0.9972574636376983,1
TCGA-DU-6396-01,0.9974171690569872,1
TCGA-DU-6397-01,0.9999953662481957,1
TCGA-DU-6399-01,0.9999966454708744,1
TCGA-DU-6400-01,0.9957321994908543,1
TCGA-DU-6401-01,0.997477540455766,1
TCGA-DU-6402-01,0.004607310620931084,0
TCGA-DU-6403-01,0.04306009934882558,0
TCGA-DU-6404-01,0.030266904248040814,0
TCGA-DU-6405-01,0.05527717057485969,0
TCGA-DU-6406-01,0.0040110923650947495,0
TCGA-DU-6407-01,0.9999911105321676,1
TCGA-DU-6408-01,0.9909172018849638,1
TCGA-DU-6410-01,0.9999902784631844,1
TCGA-DU-6542-01,0.9957349639078639,1
TCGA-DU-7006-01,0.0301979859948836,0
TCGA-DU-7007-01,0.9747339208962775,1
TCGA-DU-7008-01,0.9999844017521451,1
TCGA-DU-7009-01,0.9945436937204873,1
TCGA-DU-7010-01,0.9665317354921463,1
TCGA-DU-7011-01,0.9631432615112346,1
TCGA-DU-7012-01,0.004949558130559584,0
TCGA-DU-7013-01,0.004771511193317884,0
TCGA-DU-7014-01,0.9999976229101765,1
TCGA-DU-7015-01,0.999993501355536,1
TCGA-DU-7018-01,0.9999976074383596,1
TCGA-DU-7019-01,0.9934935424131471,1
TCGA-DU-7290-01,0.00047820337618984725,0
TCGA-DU-7292-01,0.0328688199515176,0
TCGA-DU-7294-01,0.9999984405523556,1
TCGA-DU-7298-01,0.9896590056134851,1
TCGA-DU-7299-01,0.9999811094650799,1
TCGA-DU-7300-01,0.8885369745629256,1
TCGA-DU-7301-01,0.9969359296665053,1
TCGA-DU-7302-01,0.991224291974099,1
TCGA-DU-7304-01,0.9862579975115697,1
TCGA-DU-7306-01,0.9999826412237817,1
TCGA-DU-7309-01,0.9693326374544977,1
TCGA-DU-8158-01,0.025746788745695404,0
TCGA-DU-8161-01,0.007618770195253756,0
TCGA-DU-8162-01,0.03843059258972942,0
TCGA-DU-8163-01,0.9974137813495144,1
TCGA-DU-8164-01,0.9999919111226713,1
TCGA-DU-8165-01,0.0006605238833508228,0
TCGA-DU-8166-01,0.9829885086220015,1
TCGA-DU-8167-01,0.9844121444066644,1
TCGA-DU-8168-01,0.9999816920557315,1
TCGA-DU-A5TP-01,0.9605784905979593,1
TCGA-DU-A5TR-01,0.9902456146929307,1
TCGA-DU-A5TS-01,0.9974345723774901,1
TCGA-DU-A5TT-01,0.011586784218971233,0
TCGA-DU-A5TU-01,0.990815128984983,1
TCGA-DU-A5TW-01,0.9999960062379538,1
TCGA-DU-A5TY-01,0.0017984286327953677,0
TCGA-DU-A6S2-01,0.977654898237886,1
TCGA-DU-A6S3-01,0.9898926809552265,1
TCGA-DU-A6S6-01,0.9817015185506117,1
TCGA-DU-A6S7-01,0.9999899024561952,1
TCGA-DU-A6S8-01,0.9999829308864537,1
TCGA-DU-A76K-01,0.016390240336985377,0
TCGA-DU-A76L-01,0.009852998029144118,0
TCGA-DU-A76O-01,0.9969826906973605,1
TCGA-DU-A76R-01,0.9795118161970511,1
TCGA-DU-A7T6-01,0.9689622076957515,1
TCGA-DU-A7T8-01,0.9936359558995821,1
TCGA-DU-A7TA-01,0.9971891072230145,1
TCGA-DU-A7TB-01,0.15140917012782779,0
TCGA-DU-A7TC-01,0.9746390040550265,1
TCGA-DU-A7TD-01,0.007326135629273796,0
TCGA-DU-A7TG-01,0.5651025464647341,0
TCGA-DU-A7TI-01,0.9783903720339957,1
TCGA-DU-A7TJ-01,0.009315532722139058,0
TCGA-E1-5302-01,0.9698000266798357,1
TCGA-E1-5303-01,0.9960586709856785,1
TCGA-E1-5304-01,0.99999192355851,1
TCGA-E1-5305-01,0.996845875863978,1
TCGA-E1-5307-01,0.9962730461793863,1
TCGA-E1-5311-01,0.995508823837288,1
TCGA-E1-5318-01,0.9999987745179487,1
TCGA-E1-5319-01,0.9999824670026893,1
TCGA-E1-5322-01,0.9999931254436386,1
TCGA-E1-A7YD-01,0.009500687385389672,0
TCGA-E1-A7YE-01,0.9932279349314839,1
TCGA-E1-A7YH-01,0.9943085338704383,1
TCGA-E1-A7YI-01,0.8834804337046488,1
TCGA-E1-A7YJ-01,0.02971538422468898,0
TCGA-E1-A7YK-01,0.959453011939573,1
TCGA-E1-A7YL-01,0.010936116947283112,0
TCGA-E1-A7YM-01,0.047634368056830446,0
TCGA-E1-A7YN-01,0.019295717084595206,0
TCGA-E1-A7YO-01,0.9968385549606493,1
TCGA-E1-A7YQ-01,0.035059459387149126,0
TCGA-E1-A7YS-01,0.9999962322560435,1
TCGA-E1-A7YU-01,0.9966449536183832,1
TCGA-E1-A7YV-01,0.965114364162677,1
TCGA-E1-A7YW-01,0.9999966488135841,1
TCGA-E1-A7YY-01,0.40813908121299486,0
TCGA-E1-A7Z2-01,0.05338232804226373,0
TCGA-E1-A7Z3-01,0.9576685821889341,1
TCGA-E1-A7Z4-01,0.9970386629193729,1
TCGA-E1-A7Z6-01,0.9923324873549206,1
TCGA-EZ-7264-01,0.9999983967038681,1
TCGA-F6-A8O3-01,0.9999964221657737,1
TCGA-F6-A8O4-01,0.98789075910076,1
TCGA-FG-5962-01,0.916660431864254,1
TCGA-FG-5963-01,0.05523747764513772,0
TCGA-FG-5964-01,0.9752719675948421,1
TCGA-FG-5965-01,0.9896847842366233,1
TCGA-FG-6688-01,0.014667312686338663,0
TCGA-FG-6689-01,0.9822471623201534,1
TCGA-FG-6690-01,0.999990465556936,1
TCGA-FG-6691-01,0.9973663240086954,1
TCGA-FG-6692-01,0.002143253007759739,0
TCGA-FG-7634-01,0.9877759480860844,1
TCGA-FG-7636-01,0.999988069829426,1
TCGA-FG-7637-01,0.999997960903281,1
TCGA-FG-7638-01,0.9959257292873949,1
TCGA-FG-7641-01,0.9884900925381258,1
TCGA-FG-7643-01,0.030788680835961573,0
TCGA-FG-8181-01,0.1527701500219024,0
TCGA-FG-8182-01,0.9999887282906765,1
TCGA-FG-8185-01,0.9999994172461459,1
TCGA-FG-8186-01,0.9964941695546901,1
TCGA-FG-8187-01,0.9822616977450809,1
TCGA-FG-8188-01,0.9999911614849412,1
TCGA-FG-8189-01,0.34860540656308686,0
TCGA-FG-8191-01,0.9886710165180527,1
TCGA-FG-A4MT-01,0.9999992580151048,1
TCGA-FG-A4MU-01,0.008767798589157156,0
TCGA-FG-A4MW-01,0.1135741333042803,0
TCGA-FG-A4MX-01,0.9999976583768168,1
TCGA-FG-A4MY-01,0.9828934897692024,1
TCGA-FG-A60J-01,0.9946625012017369,1
TCGA-FG-A60K-01,0.9999988350615867,1
TCGA-FG-A60L-01,0.9973836566050707,1
TCGA-FG-A6IZ-01,0.9999987306618848,1
TCGA-FG-A6J1-01,0.9999929570273707,1
TCGA-FG-A6J3-01,0.9558675846323091,1
TCGA-FG-A70Y-01,0.9961792171140565,1
TCGA-FG-A70Z-01,0.023722070806444437,0
TCGA-FG-A710-01,0.9953606667719268,1
TCGA-FG-A711-01,0.9962125184550921,1
TCGA-FG-A713-01,0.7695194715938373,1
TCGA-FG-A87N-01,0.9594014629895303,1
TCGA-FG-A87Q-01,0.0128158364683632,0
TCGA-FN-7833-01,0.9927811149878929,1
TCGA-HT-7467-01,0.9374734962275202,1
TCGA-HT-7468-01,0.9999918074032423,1
TCGA-HT-7469-01,0.5731049242392476,0
TCGA-HT-7470-01,0.9594489122826516,1
TCGA-HT-7471-01,0.9948576603388231,1
TCGA-HT-7472-01,0.9999858153655515,1
TCGA-HT-7473-01,0.99248239773038,1
TCGA-HT-7474-01,0.9645733722859473,1
TCGA-HT-7475-01,0.974572987976666,1
TCGA-HT-7476-01,0.9313852806637031,1
TCGA-HT-7477-01,0.9108540832747128,1
TCGA-HT-7478-01,0.9827146865002395,1
TCGA-HT-7479-01,0.9791685190796132,1
TCGA-HT-7480-01,0.9965198504662011,1
TCGA-HT-7481-01,0.9909833265045035,1
TCGA-HT-7482-01,0.9955967036690252,1
TCGA-HT-7483-01,0.9928353966724738,1
TCGA-HT-7485-01,0.9940521166275176,1
TCGA-HT-7601-01,0.9880523165703272,1
TCGA-HT-7602-01,0.9823637967107021,1
TCGA-HT-7603-01,0.8824672468344971,1
TCGA-HT-7604-01,0.9999974486953186,1
TCGA-HT-7605-01,0.9711734356866847,1
TCGA-HT-7606-01,0.9958221615313613,1
TCGA-HT-7607-01,0.7484182658234615,1
TCGA-HT-7608-01,0.9970497569337339,1
TCGA-HT-7609-01,0.9999946982197776,1
TCGA-HT-7610-01,0.9804653210839173,1
TCGA-HT-7611-01,0.9999931894447169,1
TCGA-HT-7616-01,0.9933338408273013,1
TCGA-HT-7620-01,0.9857773236638636,1
TCGA-HT-7676-01,0.9999921509002584,1
TCGA-HT-7677-01,0.9999928744810529,1
TCGA-HT-7680-01,0.04886241661500655,0
TCGA-HT-7681-01,0.9817912032094404,1
TCGA-HT-7684-01,0.9955440661858346,1
TCGA-HT-7686-01,0.9898420596962112,1
TCGA-HT-7687-01,0.993583708829424,1
TCGA-HT-7688-01,0.8534273951916758,1
TCGA-HT-7689-01,0.9921772531124545,1
TCGA-HT-7690-01,0.9938419937564832,1
TCGA-HT-7691-01,0.1513257218080825,0
TCGA-HT-7692-01,0.9999991075379373,1
TCGA-HT-7693-01,0.9973130334794971,1
TCGA-HT-7694-01,0.9424617432140762,1
TCGA-HT-7695-01,0.9854259743485289,1
TCGA-HT-7854-01,0.041700866857656525,0
TCGA-HT-7855-01,0.9999993043962604,1
TCGA-HT-7856-01,0.9241110870372413,1
TCGA-HT-7857-01,0.023639359315947406,0
TCGA-HT-7858-01,0.9950077392000206,1
TCGA-HT-7860-01,0.016106250885632046,0
TCGA-HT-7873-01,0.9999881281008406,1
TCGA-HT-7874-01,0.8580381449737685,1
TCGA-HT-7875-01,0.9960669544055913,1
TCGA-HT-7877-01,0.9898027900807032,1
TCGA-HT-7879-01,0.999990236500028,1
TCGA-HT-7880-01,0.8156474320414007,1
TCGA-HT-7881-01,0.8389241684785188,1
TCGA-HT-7882-01,0.012911154545345735,0
TCGA-HT-7884-01,0.9967235363583191,1
TCGA-HT-7902-01,0.9321698267123149,1
TCGA-HT-8010-01,0.9447710128689587,1
TCGA-HT-8011-01,0.035998040059519086,0
TCGA-HT-8012-01,0.9999940610241163,1
TCGA-HT-8013-01,0.9964481298420897,1
TCGA-HT-8015-01,0.07815232537018146,0
TCGA-HT-8018-01,0.7142939445391345,1
TCGA-HT-8019-01,0.15158359044094577,0
TCGA-HT-8104-01,0.012608244406811095,0
TCGA-HT-8105-01,0.9861525398627804,1
TCGA-HT-8106-01,0.9372692798701169,1
TCGA-HT-8107-01,0.327720401787187,0
TCGA-HT-8108-01,0.9999882563982712,1
TCGA-HT-8109-01,0.9594488346751513,1
TCGA-HT-8110-01,0.005084443754224377,0
TCGA-HT-8111-01,0.9919254421496252,1
TCGA-HT-8113-01,0.783649223395474,1
TCGA-HT-8114-01,0.9973451122478506,1
TCGA-HT-8558-01,0.15155860577263813,0
TCGA-HT-8563-01,0.9581527313348382,1
TCGA-HT-8564-01,0.07309201694721185,0
TCGA-HT-A4DS-01,0.019428834424651324,0
TCGA-HT-A4DV-01,0.9911798977365229,1
TCGA-HT-A5R5-01,0.9615669881618492,1
TCGA-HT-A5R7-01,0.911557354260529,1
TCGA-HT-A5R9-01,0.9959241203923842,1
TCGA-HT-A5RA-01,0.0026393754262770083,0
TCGA-HT-A5RB-01,0.9894851463289799,1
TCGA-HT-A5RC-01,0.008663821847834161,0
TCGA-HT-A614-01,0.98344248602081,1
TCGA-HT-A615-01,0.9942187508071713,1
TCGA-HT-A616-01,0.9193935750573325,1
TCGA-HT-A617-01,0.01253827031112622,0
TCGA-HT-A618-01,0.9704250451836729,1
TCGA-HT-A61A-01,0.3458958079468949,0
TCGA-HT-A61B-01,0.9930501661555956,1
TCGA-HT-A61C-01,0.01049348184611889,0
TCGA-HT-A74H-01,0.0075145725417238565,0
TCGA-HT-A74J-01,0.9912458278779824,1
TCGA-HT-A74K-01,0.9959418733647476,1
TCGA-HT-A74L-01,0.9999979961896992,1
TCGA-HT-A74O-01,0.9961856132507907,1
TCGA-HW-7486-01,0.994598675314457,1
TCGA-HW-7487-01,0.9861274609962608,1
TCGA-HW-7489-01,0.9673604490789898,1
TCGA-HW-7490-01,0.999995927561456,1
TCGA-HW-7491-01,0.9999985085307083,1
TCGA-HW-7493-01,0.9445760363806922,1
TCGA-HW-7495-01,0.9875966439187941,1
TCGA-HW-8319-01,0.9842369634114351,1
TCGA-HW-8320-01,0.9999960142429611,1
TCGA-HW-8321-01,0.9960523904996431,1
TCGA-HW-8322-01,0.999995037339169,1
TCGA-HW-A5KJ-01,0.9942578736879366,1
TCGA-HW-A5KK-01,0.018734068743797915,0
TCGA-HW-A5KL-01,0.9974181785078906,1
TCGA-HW-A5KM-01,0.999996221422691,1
TCGA-IK-7675-01,0.9953150820254555,1
TCGA-IK-8125-01,0.9904243150965395,1
TCGA-KT-A74X-01,0.9999963388338706,1
TCGA-KT-A7W1-01,0.0040695612015464065,0
TCGA-P5-A5ET-01,0.9974563070956799,1
TCGA-P5-A5EU-01,0.9646451924266725,1
TCGA-P5-A5EV-01,0.9999973237620492,1
TCGA-P5-A5EW-01,0.9999961798262095,1
TCGA-P5-A5EX-01,0.9555122770561105,1
TCGA-P5-A5EY-01,0.043635086995032366,0
TCGA-P5-A5EZ-01,0.9775441659048957,1
TCGA-P5-A5F0-01,0.9886521226416045,1
TCGA-P5-A5F1-01,0.9958244048623628,1
TCGA-P5-A5F2-01,0.9860893294271341,1
TCGA-P5-A5F4-01,0.9721356968478255,1
TCGA-P5-A5F6-01,0.1515003420505058,0
TCGA-P5-A72U-01,0.011964447855817937,0
TCGA-P5-A72W-01,0.999983470806503,1
TCGA-P5-A72X-01,0.9872774577186094,1
TCGA-P5-A72Z-01,0.9999991845323584,1
TCGA-P5-A730-01,0.9999874156171115,1
TCGA-P5-A731-01,0.7178394270566488,1
TCGA-P5-A733-01,0.9790640729788249,1
TCGA-P5-A735-01,0.999992476033349,1
TCGA-P5-A736-01,0.939171337742896,1
TCGA-P5-A737-01,0.9999941835314097,1
TCGA-P5-A77W-01,0.9999992047406433,1
TCGA-P5-A77X-01,0.9925162502098721,1
TCGA-P5-A780-01,0.9936551320299144,1
TCGA-P5-A781-01,0.9919343718343352,1
TCGA-QH-A65R-01,0.9963164487301434,1
TCGA-QH-A65S-01,0.9926715037652992,1
TCGA-QH-A65V-01,0.9958237550770909,1
TCGA-QH-A65X-01,0.9999892305576463,1
TCGA-QH-A65Z-01,0.9999925555760475,1
TCGA-QH-A6CS-01,0.006055634369306842,0
TCGA-QH-A6CU-01,0.9934458299491006,1
TCGA-QH-A6CV-01,0.0012034490646216404,0
TCGA-QH-A6CW-01,0.9999868930520817,1
TCGA-QH-A6CX-01,0.05786703309564274,0
TCGA-QH-A6CY-01,0.9788757134501702,1
TCGA-QH-A6CZ-01,0.9963310502317573,1
TCGA-QH-A6X3-01,0.999995138374484,1
TCGA-QH-A6X4-01,0.9999962338856215,1
TCGA-QH-A6X5-01,0.9966957454425347,1
TCGA-QH-A6X8-01,0.9964521114368238,1
TCGA-QH-A6X9-01,0.9934430531714943,1
TCGA-QH-A6XA-01,0.995220115850675,1
TCGA-QH-A6XC-01,0.008002194632151606,0
TCGA-QH-A86X-01,0.9999941165417329,1
TCGA-QH-A870-01,0.9958058861984816,1
TCGA-R8-A6MK-01,0.9960240646862804,1
TCGA-R8-A6ML-01,0.9999990402102247,1
TCGA-R8-A6MO-01,0.9999942178844581,1
TCGA-RY-A83X-01,0.9999962156510602,1
TCGA-RY-A83Y-01,0.999997111714134,1
TCGA-RY-A83Z-01,0.9963517122894021,1
TCGA-RY-A840-01,0.9999991155062148,1
TCGA-RY-A843-01,0.9923413383532363,1
TCGA-RY-A845-01,0.9999898265517057,1
TCGA-RY-A847-01,0.9920296875441059,1
TCGA-S9-A6TS-01,0.995264424725935,1
TCGA-S9-A6TU-01,0.9960736866942137,1
TCGA-S9-A6TV-01,0.9917492709919378,1
TCGA-S9-A6TW-01,0.9937307986672902,1
TCGA-S9-A6TX-01,0.9999938740354218,1
TCGA-S9-A6TY-01,0.9931435594879597,1
TCGA-S9-A6TZ-01,0.9999843078880751,1
TCGA-S9-A6U0-01,0.050466295566851956,0
TCGA-S9-A6U1-01,0.9999948838497236,1
TCGA-S9-A6U2-01,0.994702397933919,1
TCGA-S9-A6U5-01,0.9999935391492158,1
TCGA-S9-A6U6-01,0.9924022603525726,1
TCGA-S9-A6U8-01,0.9935820460307044,1
TCGA-S9-A6U9-01,0.990529428912399,1
TCGA-S9-A6UA-01,0.04988929325264508,0
TCGA-S9-A6UB-01,0.9999994636268184,1
TCGA-S9-A6WD-01,0.9961495183174138,1
TCGA-S9-A6WE-01,0.9999994457531524,1
TCGA-S9-A6WG-01,0.9031842872147735,1
TCGA-S9-A6WH-01,0.9969869054231494,1
TCGA-S9-A6WI-01,0.5118250024409494,0
TCGA-S9-A6WL-01,0.9594253749691024,1
TCGA-S9-A6WM-01,0.00038216302140430257,0
TCGA-S9-A6WN-01,0.9594066936948379,1
TCGA-S9-A6WO-01,0.999998810756699,1
TCGA-S9-A6WP-01,0.9968199157628288,1
TCGA-S9-A6WQ-01,0.99731902468483,1
TCGA-S9-A7IQ-01,0.900846125196117,1
TCGA-S9-A7IS-01,0.9594216479922103,1
TCGA-S9-A7IX-01,0.010170318549449758,0
TCGA-S9-A7IY-01,0.996830091355861,1
TCGA-S9-A7IZ-01,0.9898611291805517,1
TCGA-S9-A7J0-01,0.9961414881627161,1
TCGA-S9-A7J1-01,0.9999913288206312,1
TCGA-S9-A7J2-01,0.9999993449239419,1
TCGA-S9-A7J3-01,0.9962179622386472,1
TCGA-S9-A7QW-01,0.9999929842891512,1
TCGA-S9-A7QX-01,0.9999966754070728,1
TCGA-S9-A7QY-01,0.9905788674771792,1
TCGA-S9-A7QZ-01,0.9959959119160461,1
TCGA-S9-A7R1-01,0.9940023155735308,1
TCGA-S9-A7R2-01,0.0017226478966111014,0
TCGA-S9-A7R3-01,0.9999883239226199,1
TCGA-S9-A7R4-01,0.9972500207347557,1
TCGA-S9-A7R7-01,0.953247357143864,1
TCGA-S9-A7R8-01,0.9999849123989233,1
TCGA-S9-A89V-01,0.14913001121601846,0
TCGA-S9-A89Z-01,0.9942901646668494,1
TCGA-TM-A7C3-01,0.005228832311343994,0
TCGA-TM-A7C4-01,0.9594261868905064,1
TCGA-TM-A7C5-01,0.9999988115729762,1
TCGA-TM-A7CA-01,0.9970044557324459,1
TCGA-TM-A7CF-01,0.9645257498011668,1
TCGA-TM-A84B-01,0.004567265999082619,0
TCGA-TM-A84C-01,0.19444561164507057,0
TCGA-TM-A84F-01,0.9847834828311088,1
TCGA-TM-A84G-01,0.9999996676847668,1
TCGA-TM-A84H-01,0.999996379815218,1
TCGA-TM-A84I-01,0.9886206755303174,1
TCGA-TM-A84J-01,0.1660240903833088,0
TCGA-TM-A84L-01,0.9931019493031285,1
TCGA-TM-A84M-01,0.9999983321383461,1
TCGA-TM-A84O-01,0.9897595995235238,1
TCGA-TM-A84Q-01,0.9999958017576867,1
TCGA-TM-A84R-01,0.877030967382398,1
TCGA-TM-A84S-01,0.9999865741804005,1
TCGA-TM-A84T-01,0.9999957433859992,1
TCGA-TQ-A7RF-01,0.9999982963711894,1
TCGA-TQ-A7RG-01,0.9999954414099804,1
TCGA-TQ-A7RH-01,0.9939789473469,1
TCGA-TQ-A7RI-01,0.9999833945204876,1
TCGA-TQ-A7RJ-01,0.9963468959196925,1
TCGA-TQ-A7RK-01,0.999998898503591,1
TCGA-TQ-A7RM-01,0.9919381388230196,1
TCGA-TQ-A7RN-01,0.9999930870845419,1
TCGA-TQ-A7RO-01,0.9999935368222341,1
TCGA-TQ-A7RP-01,0.04197122620924811,0
TCGA-TQ-A7RQ-01,0.9999935029607406,1
TCGA-TQ-A7RR-01,0.9808473029387662,1
TCGA-TQ-A7RS-01,0.9999973569787459,1
TCGA-TQ-A7RU-01,0.9999990898438862,1
TCGA-TQ-A7RV-01,0.9954726981890362,1
TCGA-TQ-A7RW-01,0.997368424865973,1
TCGA-TQ-A8XE-01,0.9999979870786444,1
TCGA-VM-A8C8-01,0.997275630604946,1
TCGA-VM-A8C9-01,0.06442938465142109,0
TCGA-VM-A8CA-01,0.9594559896368927,1
TCGA-VM-A8CB-01,0.9999996130699256,1
TCGA-VM-A8CD-01,0.030091521430391583,0
TCGA-VM-A8CE-01,0.9957709368994958,1
TCGA-VM-A8CF-01,0.9489887098910459,1
TCGA-VM-A8CH-01,0.9999844523954469,1
TCGA-VV-A829-01,0.9999980608850272,1
TCGA-VV-A86M-01,0.999997822036268,1
TCGA-VW-A7QS-01,0.9999859750494353,1
TCGA-VW-A8FI-01,0.019096979562908796,0
TCGA-W9-A837-01,0.9900106076269701,1
TCGA-WH-A86K-01,0.9999834722984656,1
TCGA-WY-A858-01,0.989632544560233,1
TCGA-WY-A859-01,0.9571294650920666,1
TCGA-WY-A85A-01,0.9971726423003001,1
TCGA-WY-A85B-01,0.9999979824275308,1
TCGA-WY-A85C-01,0.9952362906792163,1
TCGA-WY-A85D-01,0.9999923883470283,1
TCGA-WY-A85E-01,0.996307418538719,1
TCGA-R8-A6YH-01,0.9999988258276186,1
